date,household_id,num_occupants,avg_temperature_c,appliance_usage_hours,ac_usage_hours,heater_usage_hours,solar_generation_kwh,humidity_pct,weekday,electricity_price,peak_hour_usage,energy_consumption_kwh
2024-01-01,H4,3,34.16833974534194,3.0675175413418794,8.88396239185806,3.1490013376137833,2.2670548965161275,34.05940635582709,Weekend,7.671870466804295,2.2331723743057026,44.48605110332539
2024-01-02,H5,4,?,1.0362248337222273,2.6415360048588097,3.9022480403262163,7.169378865991671,74.91809672816574,Weekend,7.034066884169704,2.5848852455860634,23.98516961854523
2024-01-03,H1,5,17.425796655378125,11.727061495263113,0.6419329745327762,0.4483965427284007,5.422962599722851,83.93562243488115,Weekend,4.22493590432964,0.14704484841280563,5.194557173531535
2024-01-04,H2,5,10.323153703295622,?,1.4216792111086352,1.8567829949347479,18.16304336237473,75.64759581501178,Weekday,3.328546232231245,3.68632130569214,35.585543822857844
2024-01-05,H4,3,17.407614606765094,12.564465430297409,2.758373663150283,6.817475753713898,9.958926251823339,32.74695845551902,Weekend,6.351270180286298,3.9790842264866666,31.829892536828748
2024-01-06,H1,2,?,3.600289904754396,5.720872205406614,4.947303707108686,19.400174913239596,33.077266190087556,Weekday,8.847748592403562,4.134387143752427,27.68512782544558
2024-01-07,H1,3,28.47290071259423,11.675079753126653,?,5.1823034252225675,19.6233951175363,63.99817095590371,Weekend,?,1.2933090262103608,46.8866070410606
2024-01-08,H2,1,17.858005038143098,3.6488932128912257,1.8376127923259877,4.329594708296658,6.397032816944042,20.954154113596022,Weekday,4.306351449414051,4.416039081954138,31.24780715837178
2024-01-09,H5,4,25.728277148536982,5.763171881915419,9.490724413889422,4.633928371338116,0.6982685147543166,26.527785447829242,Weekend,9.898767406719525,?,23.893456831708004
2024-01-10,H5,4,21.407657866224987,9.520324893567567,9.52346530892539,2.1783801877152245,0.0689303149096876,63.427164742128724,Weekend,?,3.3493778258960063,34.962318952451284
2024-01-11,H2,3,11.082690703949309,10.657134519770878,1.0712321396085622,3.946800217059466,7.7220935075152415,49.94707345586487,Weekend,3.3494513187071067,3.64114063166883,38.554455561203234
2024-01-12,H3,1,35.308194778997716,6.433363926270803,6.298827878307927,0.08597134060202816,6.342605815140107,32.78378913577446,Weekday,9.668088168061791,0.8168103072408833,16.126145530708413
2024-01-13,H5,1,23.4989914242868,4.771565417462146,2.6759477260710005,3.702598405582984,6.796988589306494,64.57207096041577,Weekend,3.364799696743976,0.11150418908491722,9.369584433213358
2024-01-14,H3,1,39.294429436306295,14.21962558650098,0.7562298429096603,4.259928395161421,4.659824038871056,40.26642742020836,Weekend,8.181617606356543,3.219687367036908,49.48551834282492
2024-01-15,?,1,11.723417135582823,5.262255541927051,3.1409649886670152,6.60701103449435,?,80.39188649805959,Weekend,9.980687856429252,1.253025776239714,45.05829096520066
2024-01-16,H4,3,14.892682557120182,9.1834130744372,6.596674720527186,0.7626189369929275,14.664445787866518,62.464099713080024,Weekday,5.391323878105313,3.4984417785850392,39.14148940766919
2024-01-17,H5,5,15.477828580315142,6.943772451818453,0.869677232054541,3.081146401807044,7.211496758031924,52.29290736288229,Weekday,9.745182913355588,4.596611981090719,41.60083013158055
2024-01-18,H3,1,26.23877738392679,5.795804139920689,5.674008647037655,2.1729573453893316,18.064440672412516,60.139081868696735,Weekend,5.250872763576696,3.9025259869638007,33.268112025658674
2024-01-19,H5,5,18.180965962078794,6.838687398471309,5.152936554673269,1.921079241649192,12.01930919706254,76.56284698712972,Weekend,8.920562190746303,1.9907263776725799,39.552335174289894
2024-01-20,H3,2,24.798048073891383,11.651749488988488,2.837435424239999,7.759575352658355,2.2002575254448486,87.00883560250156,Weekday,5.176169922454837,1.1527827636432968,26.56083180057508
2024-01-21,H5,3,32.018289571991836,13.075693223583462,4.1841219921899935,3.391466075356954,?,38.17423004036398,Weekday,6.572090631296418,2.4103982285574514,24.597895499704183
2024-01-22,H2,2,15.54266246652313,8.220519019743561,5.025730843988885,2.4992503277909766,1.1361910258727037,48.09414762033545,Weekend,5.505141707609431,1.0154644249983051,7.0348140480855506
2024-01-23,H2,3,37.62092031715006,5.078875272783983,5.527105458120484,2.9102709943300313,3.678546461518044,81.95983398556179,Weekend,9.642725432506069,0.08819282885133783,9.377689512986624
2024-01-24,H1,?,29.80188924069178,4.0112557983607875,3.9584866114377837,5.0374544935808165,8.900989953597005,38.80675001732273,Weekday,3.8132616400789106,1.357548728376441,13.660216496810758
?,H2,2,30.702260825156316,14.413961438795361,7.078048800126961,4.465122646407039,3.5894350321965995,67.09341455438945,Weekend,4.027275657297433,4.933286635789503,6.38616702722932
2024-01-26,H2,4,15.0425898801615,14.969224504050763,8.713609812218088,1.3777495129542023,15.845989279219271,46.431575866748936,Weekend,7.713468368000374,1.1127437270691176,8.023822229913904
2024-01-27,H2,2,30.572607563650383,8.697064314456298,6.8662504302813865,5.523202367212229,2.5685809660726067,29.260307448736064,Weekend,4.918295637904091,3.9523693925108745,37.87808438527659
2024-01-28,?,2,28.05413080394273,11.46334884304306,9.392000442118217,6.749590383666806,8.37964760850386,25.44098177794747,Weekday,8.08378023950805,4.48760502967604,38.963288896202336
2024-01-29,H1,3,29.648834327902165,11.304790412158429,0.08124120374566335,1.3220379972107112,?,69.26617419281799,Weekend,3.7785472325560736,0.6016164195654117,39.92104248496226
2024-01-30,H5,5,25.530821357790664,5.198681852879701,3.6374001381087373,4.97952349433651,15.903542376819884,55.154381734716324,Weekday,9.268209926778436,2.571125616102118,35.060708372843976
2024-01-31,H2,2,12.08453557741299,?,6.575234581574675,7.638132624570512,?,78.63558261246479,Weekend,8.034613872246444,1.604493940099327,?
2024-02-01,H1,1,24.21511318568603,5.790733656688849,4.532718590619467,1.21175491652005,12.674033466646016,65.70460769606701,Weekend,?,0.3066148070578417,?
2024-02-02,H1,3,24.54231353893264,12.106379297041054,7.690959886518936,5.332764065588832,15.780587174590291,23.021473521170087,Weekend,3.656462455438497,3.3625507945413062,5.601923925379009
2024-02-03,H4,2,28.53695346194272,7.635319475335219,9.753392450721888,2.866582809462443,6.164242117975642,31.00174538028444,Weekend,3.713275896070698,4.165231873146603,9.7484660240749
2024-02-04,H3,3,13.021637806158914,4.596509264803608,3.3884091008420034,6.847666027751656,1.9498114645739983,84.6492899475282,Weekday,6.750268375654038,3.132573085415129,16.451658422239543
2024-02-05,H2,1,10.848085093058193,2.338842900682102,9.085085048442586,1.6566513746126148,17.601650236024362,64.46857587285385,Weekend,?,0.261484362365621,6.4452635550630175
2024-02-06,H1,1,12.039059130745402,2.480279129372123,?,6.512783903556828,18.171441367773788,60.69013365624211,Weekday,?,0.1602627451721378,15.306580166148084
2024-02-07,H4,4,21.27649641991635,4.680955542872368,4.890478129625632,7.380539405284693,11.827150171580023,34.65847405509324,Weekday,5.322316621436729,1.880310521956865,18.023655806080427
2024-02-08,H2,5,33.1850328653679,6.550348822750593,0.23370061486215898,2.9363177901881397,?,21.868786389332,Weekend,8.629059008256082,1.242619234789288,22.77225145403942
2024-02-09,H2,2,22.21391913352954,11.366693017377703,3.3212929618931053,4.122560850381767,13.137146346163867,85.57938404758939,Weekend,8.195816736325817,2.816721783797569,6.056381057045167
2024-02-10,H4,1,38.04863872330973,?,6.334900736109203,0.3609106217951066,17.645266835130617,52.12775743464747,Weekday,5.813070323911097,4.060698698072525,21.957910347786232
2024-02-11,H5,5,25.980318204507654,7.9377564892173424,6.734143696447468,0.09513067785765994,4.790228333249864,83.60495089191676,?,8.354688660342802,1.6950571420544187,42.733568382067034
2024-02-12,H1,1,23.39231054784763,12.976325318210614,6.282012438661042,7.139099911325752,18.586310899218272,20.236435242416345,Weekend,8.86312065149115,2.123732417939071,29.004880426388954
2024-02-13,H2,4,19.86457796305096,14.880722726266114,4.634658968992765,3.4954935273197583,11.454617105062132,61.13140651772624,Weekend,5.33996535303211,2.2682558908407775,38.85836675838679
2024-02-14,H4,3,20.32195572303498,1.665251360704633,1.562752392999176,7.57729468459604,2.3937542515157006,71.90877698456359,Weekday,3.68961152216495,1.5703843952176482,28.349877542013875
2024-02-15,H5,5,11.42391874877266,2.400537753970636,0.4791201917886667,4.281849145021731,12.42457048664032,48.77625803324299,Weekend,4.298351503974842,0.9857904734689493,10.406423113264758
2024-02-16,H3,4,23.458225523152784,4.160162176222027,5.012516127013589,4.4243872185137185,6.832337263769661,53.63462660726255,Weekend,4.866382765540913,2.9104493550859245,45.1151778699377
2024-02-17,H5,3,37.09693324805775,6.016756340873161,6.617344464043994,4.1810855105618625,17.782663260811148,?,Weekday,5.24105608354402,4.745154399397858,17.33882670404715
2024-02-18,H1,5,36.44285498580804,2.987432057866658,7.113548487193027,2.959018085333957,18.510944646054003,27.590592745830616,Weekend,4.042079177266735,0.27065170461870625,17.0473956421935
2024-02-19,H4,3,34.38867250433454,11.98734802800666,6.875198481946451,4.268255739952567,18.55989727850305,71.12690832531203,?,3.3057482383645027,0.06669524363577317,42.426562044775245
2024-02-20,H2,5,38.806828626592164,6.214516969306491,?,6.834934190465099,4.357145341275888,52.173074816759446,?,?,3.6736994969919854,25.67423795111228
2024-02-21,H3,1,19.196518793060022,1.865783641605813,6.242371256620583,7.050083537508885,13.659399172559555,81.54080592103517,Weekday,8.322821236844511,1.4376793908746306,46.86938643781238
2024-02-22,H1,1,37.8480085645949,11.136445472949015,2.093841063797762,7.707590892878902,?,?,Weekday,7.559517965838274,1.9380058647319687,25.788858996496508
?,H5,5,11.347834556908861,5.896211162010026,1.5633704338019072,4.8426131736795845,6.110779259270052,24.031537660878215,Weekend,3.556239203642601,4.5934253184550045,32.376602577890964
2024-02-24,H2,3,?,7.843206579907648,0.27721446143698536,5.977099287489702,7.935157488728306,30.92871835880383,?,4.841268933726498,2.447761897438177,35.7161771754855
2024-02-25,H3,3,12.28052752291293,10.898444524048521,1.7571425441888366,6.265288144492805,5.245606813258201,63.48865817909552,Weekend,8.344037156122596,1.973940451854741,38.96925507496225
2024-02-26,H3,5,37.76278505821119,8.59985221747564,9.748763909727343,2.001686697196357,8.98886875849315,60.09202332932415,Weekday,8.766114041324757,1.965536691752321,40.32514369836368
2024-02-27,H2,3,20.140701395900777,4.497067478609446,2.652823070796745,6.827871368943702,10.805544521299044,32.65678396998691,Weekend,4.709800854243005,0.8304407960286059,7.774278468198084
2024-02-28,H1,4,33.729404993788506,11.539505693047051,1.099768263694858,7.566645713666026,1.6984011437305813,28.060718058890878,Weekend,3.2830204606391717,1.9502180235748934,24.81052121548453
2024-02-29,H2,1,32.4736710322462,6.9809769344564705,7.11258195736204,4.330060049258934,1.1275198197800473,80.51710756213856,Weekend,9.067574691534155,0.5843496974893864,25.45519731666179
2024-03-01,H4,?,23.974913446999388,14.175104860689794,5.352610539574432,7.428628415786844,9.794720600836888,39.668887850799024,Weekday,4.658557929420967,2.5378128922859715,43.79075517355521
2024-03-02,H5,5,12.469782821852203,14.545239171703768,7.8419233710314735,4.153591418263073,10.582491502315989,87.11736714471947,Weekend,5.662550010693592,2.6974200219112,29.687991975569012
2024-03-03,H4,4,15.998950022482195,1.4507384044031753,4.1962457932221175,1.9211608163265455,4.602767180267091,76.71183290320693,Weekday,?,2.7043001936266666,30.420569596870934
?,H2,5,12.28507665648259,7.70012308998095,7.730887676138209,3.0872786657954823,7.131113189129041,22.52699432492865,Weekend,3.3982796854555763,4.219680474645853,5.9830006904955555
?,H4,?,36.77391552258004,2.138856668203384,1.0473041292079865,2.488265152738327,13.17599984855757,48.03403158207752,Weekend,7.178969314309345,3.1046980932337704,13.077980703021328
2024-03-06,H1,?,31.629140719182217,6.905789037621388,7.600381767511849,3.8995552021774627,0.7527788682482295,20.217786404944622,Weekend,8.36339754451106,4.32780957839828,16.544281018224197
2024-03-07,H1,5,23.430616817053316,3.1073067081921275,5.059677207413129,6.962049328739566,12.819771519234903,32.578951358132784,Weekend,3.3642641838872436,0.8585059257426325,17.64867551967959
2024-03-08,H3,1,27.293459057545917,8.797444946696631,3.136538100615527,2.3233054408112084,19.459719166829764,52.3481398502557,Weekend,7.184371758119299,1.600714382640573,38.660124601512
2024-03-09,H3,4,16.043999986303014,10.301600371157013,9.128798216561998,5.914615846825438,6.62458140046823,28.940335305053587,Weekday,8.243993181203711,0.9971812034593763,6.663998204064354
2024-03-10,H2,2,31.615537347537757,14.291276473593735,4.249824571085582,7.967891524909278,7.643936253337282,21.420167771507312,?,?,2.857372274123766,?
?,H4,5,35.420320892614505,5.717617575225064,7.621888063553235,4.109279680443298,?,23.161691773380216,Weekend,5.958185925094485,4.207181998872607,29.69914781826697
2024-03-12,H5,5,27.056626512456585,8.117742879047809,6.283839193934227,7.629502192374101,0.55911995479756,83.11898925766761,Weekend,4.790213153183008,0.6301592865742056,33.18712576385978
2024-03-13,?,4,28.19325328403598,13.251542682833227,7.392644807586111,1.5855125958207932,13.40134698952523,74.61203956882068,Weekday,5.4109805286239405,3.2589637799673628,26.063292194453172
2024-03-14,H1,3,37.00818854005605,4.516799599130488,8.23001646545897,3.335214490647065,?,88.5423313891365,Weekend,5.980905864393601,2.95947361296754,25.66130765096238
2024-03-15,H1,3,36.79949025531526,10.073962246992034,?,2.995692366535474,0.9274680125443724,71.9228066223028,Weekend,7.105076356141613,4.969586907926244,35.73802485555376
2024-03-16,H2,3,28.01139498649177,3.306118529320649,?,7.695116194211297,12.554594275627197,49.09044450101484,Weekend,9.348233447775595,0.005204549851043905,28.334732117908185
2024-03-17,H2,3,33.52074481227446,5.9370186668488305,4.319770486261233,7.221476963927684,13.108574767843816,71.75362278851237,Weekend,7.921650370756255,4.547987193439108,18.2911592290509
2024-03-18,?,3,33.650097737571855,12.077599912040707,1.1669796684250289,4.824783346207891,5.119969440022471,46.47490051525287,Weekday,8.717031656602275,2.1824120672192677,11.511695483647056
2024-03-19,H1,1,39.42276326695199,1.5980568282889531,2.1989142965351727,3.4481526611974402,13.076947152710135,55.2630154264206,Weekday,9.137941990040455,4.843803257577741,45.3005546617167
2024-03-20,H1,3,30.59689537693083,9.872132962191799,2.1645511568886655,5.0421301384979325,7.11155007254733,23.107886729058894,Weekend,7.915806010937494,1.2492924633055909,28.917087808905652
2024-03-21,H5,2,37.598416832189926,?,3.8459565255919834,3.8387847718484407,18.900002282672883,41.64999634275898,Weekend,7.60919553920134,4.998483236562029,21.294121510670262
2024-03-22,H3,3,12.081878823698894,12.421533692416808,9.319024792876627,3.285625937078847,5.514571415580452,88.47003197903004,Weekend,5.482945968982655,0.7385775645082349,12.03620146636682
2024-03-23,H5,4,25.943749665000432,7.348074146873163,?,1.7919816964690058,?,34.99265550717357,Weekend,5.108130943435376,4.00072996553954,35.55191623327922
2024-03-24,H4,1,27.5229948178107,10.962482025060462,2.8517792637383774,5.784459857039906,11.667858452020102,21.089149808943912,Weekend,4.186636650943413,0.7413281128103483,?
2024-03-25,H4,1,21.59897598995227,3.261327460802929,4.9236121217786435,4.77029906121403,13.932743477722818,62.001974420833676,Weekend,8.99754622086519,4.085427270661956,24.337043741113092
2024-03-26,H1,2,17.837810937558228,9.643025427071798,0.6669878893358983,4.869510688829876,19.974672773078133,37.61999314464067,?,8.428322150127507,2.3538036895381915,35.78646483810151
2024-03-27,H4,2,23.479467827815682,13.199110927856168,5.969934145036529,?,19.38933188931815,71.80807886346767,Weekend,3.5165183598218936,4.294026079711325,43.18641861533091
2024-03-28,H5,4,26.427743604599545,13.349175022659072,7.964579464936687,1.879742327398711,1.593337392357299,37.14999236060035,Weekday,6.37828162235127,3.288413689684218,16.251233416607327
2024-03-29,H4,4,35.3776937103827,7.015445263854816,0.04103507559904851,3.1005427789715165,5.40281771506675,49.82028421885863,Weekend,9.35904243977841,2.4361584375838703,?
2024-03-30,H5,4,34.47385754657142,4.832310014864963,0.34540349850813,7.767445559909416,0.31553071457078863,?,Weekend,8.04746007103213,3.368549088803119,49.213280378898986
2024-03-31,H5,2,17.837926342032823,12.876150887623746,6.833996178877814,3.8687343330380335,16.05501984169803,78.98347817690217,Weekday,4.281803784255963,0.778009435593795,?
2024-04-01,?,4,39.461667467603476,4.541012073493448,6.976225442043087,3.2954772093245914,18.646034643793946,83.46128523045446,Weekday,5.614014459315118,3.8133373962653194,7.829497954772749
2024-04-02,H2,4,37.841729192488714,2.184805994576017,8.569296357855599,4.498730855045052,10.785198491985843,64.58965043760628,Weekend,8.438175236192762,0.3214884278104846,33.35770665564462
2024-04-03,H1,4,20.07017170464332,7.197817528925881,4.2050418503385085,6.750936722883381,13.702162373971712,29.78851660296514,Weekday,3.8383174916932234,0.847806185558449,15.843255738470667
2024-04-04,H5,2,?,8.210290721705617,1.7806467262326608,1.737042033461492,3.7720904698164492,58.41075344122271,Weekend,4.24696345605544,4.014903645908051,21.076446038881606
2024-04-05,H3,4,29.474033882933913,1.901689573401289,8.380664834725732,3.96505109238763,18.962074410574544,75.7380856262499,Weekday,5.095288473727431,0.6377142718284218,37.51416593163009
2024-04-06,H1,1,16.263722192554695,7.391819135052025,0.27818160562831484,2.3792334974188973,19.785096470594453,27.06838700956997,Weekday,7.998615099448472,3.1225498080015255,7.049600037974172
2024-04-07,H3,5,32.33414426162679,5.051408239772436,1.0029220527491767,5.832783688268565,4.821179265457904,23.07931580310315,Weekday,8.020695464204792,4.068471060891211,15.414092216688719
2024-04-08,H5,1,39.33153568463438,8.144588117477053,8.525411335894178,6.450248782025931,18.673569669331027,31.66024649327418,Weekday,9.210466646373323,4.952645928194218,?
2024-04-09,H2,3,22.468122989787236,6.68379926500919,7.028520742323644,3.8487336660550575,19.83680549150972,56.86079929827766,Weekday,?,1.6783005301765392,40.63815714729658
2024-04-10,H2,5,12.746747866400169,14.504139682802546,4.814490523333487,?,?,52.090658213883046,Weekday,6.75498012958265,2.5171746280040446,8.969889536396945
2024-04-11,H1,5,17.838944909996638,8.374954013376758,?,?,10.456776738702448,26.32503866899899,Weekday,3.7826950099218344,2.628988677397073,10.41334409850666
2024-04-12,H3,3,16.865638284873413,?,8.867758849116605,0.58946677418652,19.85162457778874,33.99614813117772,Weekend,8.086196705836226,2.9125472422208825,16.749058736844617
?,H5,1,34.943224307154594,6.1286852122110895,4.472216022964477,2.851575133525728,16.268982315298025,77.48425421266168,Weekday,7.8756697731721435,?,36.65775558358278
2024-04-14,H5,4,25.80442280477797,5.96946675592478,3.322461672898722,5.696339196610179,10.66531667843196,35.96931378628479,Weekday,4.773682612485441,4.195051306852793,38.97093016175234
2024-04-15,H1,3,10.980985264598477,6.6318825880783265,?,1.5100180296631445,8.725832067925603,61.52574255430981,Weekday,6.664180796077162,4.552616666273454,26.813047296526406
2024-04-16,H5,5,32.825295934425874,14.418121689666037,2.335957035810715,4.127176733471245,2.218287181882952,26.063887041527664,Weekend,8.792774424737143,1.6358732151218625,47.820721678584576
2024-04-17,H2,1,22.701206677479114,14.67927124049571,7.397399171472056,0.8715518923546313,18.442181565070427,84.91858746417518,?,8.197870516848408,2.258622943670367,27.44208444811905
2024-04-18,H5,5,15.310281161358427,14.188296047067817,5.4368931631681505,1.3143983005404012,?,69.10252382479325,Weekday,5.8122391342127555,0.8560693894295851,33.595117218345216
2024-04-19,H2,3,31.03716647920263,10.878695866674622,7.314373056164115,2.005657089984064,4.010575096605066,?,Weekday,9.271310934883616,2.387925694436117,34.04494948124844
2024-04-20,H1,4,27.92793767195923,1.4007120770954333,6.0227921671419,3.806363585223049,5.341820226190627,78.21312155402529,Weekday,4.862696636988629,3.6183178687938766,33.69135130612854
2024-04-21,H3,5,18.267516724163595,6.7193600243652565,9.948218702145336,3.7848605938651545,5.0996705280096215,55.835959528296925,Weekend,6.018286494875333,0.2679302044714288,46.57018478838333
2024-04-22,H4,3,11.85520216892202,14.035547981421686,?,1.351706305375111,18.74880713483427,87.55445399664853,Weekday,5.291512847925698,2.891384811821958,?
2024-04-23,H2,5,?,12.57917178550058,7.7473998380528695,0.08951010964928763,4.80367748553226,64.1676534726097,Weekday,7.663605511467194,0.18625182514963978,18.306653853772
2024-04-24,H3,2,20.74582492480053,10.236632224761342,9.016085550238166,?,4.61768895425015,29.367165238901368,Weekend,9.99447802376191,1.554108849679231,19.97524210320649
2024-04-25,H5,4,31.697116771187417,4.63379750332804,2.1536329338850324,5.287215060590265,19.229061811749304,47.400394156920896,Weekday,9.323604054542548,0.11138789648275471,?
2024-04-26,H5,5,25.80923746245366,8.071344764425962,5.957040650983508,1.249612208528469,5.648212665529502,86.22732406968322,Weekday,4.60174176503562,1.124854456051592,12.821469912663254
2024-04-27,H3,4,12.84826194203287,10.48524136706683,3.6132266268183857,5.436928322769803,4.517863949227799,89.91644926920135,Weekend,9.517182931133078,4.1647209201331545,25.185849194513928
2024-04-28,H3,1,20.693615817002218,9.535216796912076,9.15302320997379,0.8498176729104312,17.57581011764299,30.530847226453695,Weekday,9.71767993236078,3.9525886197792555,12.257738301330626
2024-04-29,H1,4,37.29950544603806,7.954537795880798,8.102928769549028,7.290688835312793,8.047217339240758,40.33202700145379,Weekend,7.038938625084289,1.3134343220806715,37.88580106146586
2024-04-30,H2,1,15.359991388730652,1.169103321046729,9.341589960296645,6.02689966062109,4.063872438612755,26.66452343791281,Weekend,8.398055266177126,1.7025636719604387,40.81520608429976
2024-05-01,H3,5,?,7.591424289396742,5.000368882535659,7.430008678564662,8.12878018967957,65.26161219584348,Weekend,9.693898953485089,3.1994009281530955,32.515346137903784
2024-05-02,H3,4,?,4.724601666664096,2.930043414667054,7.826113160567508,2.2587401416865927,58.256765731706025,Weekday,4.492570143550553,3.1091976869098876,34.80563069164462
2024-05-03,H1,1,13.664622222664459,10.718233740013773,9.057355173876967,5.164698652243194,13.399106660487535,82.22464709530827,Weekday,5.144042878388715,0.9050302988207348,37.23742002006124
2024-05-04,H2,4,28.890142428995166,8.594314246081927,3.6760126840843563,2.6073133634283447,14.941574558054825,68.93025961288203,Weekday,8.534317576068947,0.24741160928348382,10.47177207164285
2024-05-05,H3,2,38.49865101072308,?,4.074250109036451,1.590889546544462,2.4816628725034295,74.5746388610587,Weekday,8.026212364584083,2.1372138067340973,11.691111581983538
2024-05-06,H5,?,11.202861098355095,9.056574647552088,1.4428945896041745,7.782940022671452,3.6295380566179536,?,Weekday,3.344361221153446,1.9173919257628684,17.190521527449494
2024-05-07,H1,5,23.926990429487176,10.79123164294682,?,3.820443806008364,19.18810508077329,44.58605671202804,Weekend,6.025843954389861,1.2028024986310193,5.118731033924174
2024-05-08,H2,3,12.091085872382378,12.716070812017247,6.65383819318942,4.576986052941367,5.871339143064076,41.06812350572743,Weekend,9.084605895237171,3.681579074897585,20.273036409799857
?,H3,3,27.815319320488307,8.412360207223145,1.8367944865106367,5.638965174467582,7.304908364194096,57.9409610735449,Weekend,8.808315741101795,4.198239531169267,27.136683860386793
2024-05-10,H2,5,27.95741379537407,14.320501269531297,5.840497799441605,5.794235965706402,2.5388695776770476,71.07195781342968,Weekend,9.50166050249796,2.7704566943413216,43.848411173437356
2024-05-11,H5,3,20.5136264879193,5.375328927511893,4.5193600388882995,0.3192909311073011,12.575743071284611,54.72174405267474,Weekday,8.83833352058953,0.4911075266999332,25.811402670652278
2024-05-12,H3,2,17.85975938025461,11.507335997387942,?,1.8192489645929362,2.358938991824371,20.69956664305279,Weekend,9.220751946702139,0.1853331177799683,6.158334555014309
2024-05-13,H1,3,19.39970839036535,8.256958265288107,4.218330588792387,0.24579176617001774,0.4975360053031852,61.41231623269553,Weekend,8.973948723916049,0.23762441480553176,20.786703408850396
2024-05-14,H1,4,37.14730269791909,2.109217352027681,4.385385651286375,?,8.60881738366086,77.19020448122308,Weekend,4.315846596651583,0.7064053570470924,47.547957749415005
2024-05-15,H2,2,22.14963696007183,5.205487590783726,8.013884488064786,6.604226997487061,1.8242815615011598,?,Weekday,?,1.8192437246122277,30.133781798153024
2024-05-16,H1,4,31.191026764518128,9.747593912070904,0.15727735240063212,0.14405422260828882,12.083272137233322,33.394422798419384,Weekday,5.910159354025632,3.7440395628102534,13.524484789051689
2024-05-17,H2,4,?,10.062462559450495,8.148274226623952,4.584593244236279,10.80856147263698,44.814266626333435,Weekend,7.431145759110118,2.13661569836538,7.9521766032981756
2024-05-18,H4,1,23.504138242704588,2.005551802951884,9.466328355953484,7.652163179874573,14.42217215983286,55.188023059178015,Weekend,6.126811533870409,4.646264023021262,49.31349521216723
2024-05-19,H2,5,23.8898930229915,6.554101849956396,3.9934343175278206,6.357869082735962,19.358163287481965,58.52392550255015,Weekend,5.472384288448552,?,10.29624089832583
2024-05-20,H2,4,13.09898890321612,1.8093614633940016,?,0.6138052207727327,19.18989739470241,62.519456763945854,Weekend,6.29058744693793,2.476742755388344,33.078669325612466
2024-05-21,H5,4,38.50095140900633,8.162362158079326,0.9539262929052461,7.736128772539686,0.39234752920890514,50.31139901728544,Weekend,8.76139424678932,3.4650522216402373,16.545854980931786
2024-05-22,H5,4,13.764882557015458,3.582308590039254,5.457441977010963,5.702184556596302,11.575362262881299,81.38843448950323,Weekday,6.9385092594242685,3.095064289167099,32.4107323317274
2024-05-23,H4,?,13.936417529578204,11.417030694876441,4.493261866822551,5.220167174981424,19.39569086769518,45.885949307999006,Weekday,9.354869806076316,3.382649557020982,12.753328398590497
?,H1,1,14.81282165769018,6.8167994763528155,6.075514993857762,2.656307240343703,11.0018207696242,81.00780324298069,Weekday,4.169735355757563,2.7236954298436618,46.68180295817173
2024-05-25,H4,3,36.10245140644339,5.426270690645595,5.429022753425277,7.628199157369167,?,37.92646178466091,Weekday,8.3607216660042,4.159234267386384,17.679601187270876
2024-05-26,H1,4,39.61304944113655,10.022561752632381,6.920722287606415,1.3091724400946703,6.5584497306970295,89.87279399669424,Weekday,4.84063555981581,0.2798546578445854,13.90009804815235
2024-05-27,H4,2,38.1654804568117,10.078496503410886,7.674330687502185,?,13.527748315905663,30.893973217965744,Weekday,5.708813073728329,4.95366004009011,15.689278851344781
?,H2,4,21.461066792063377,11.149980331601554,3.7204531306024604,6.663446307873105,18.169571675949193,57.564613078175306,Weekday,4.247565961711569,3.318834132668473,25.683057060804252
?,?,3,24.467422157780884,13.536943434475505,3.586348161893201,2.8723919617989315,7.142827603392181,59.50148937898485,Weekend,9.075490652553285,1.8897801055789527,16.312231126199364
2024-05-30,H5,4,30.09664004443711,6.333401041223615,5.601502980673008,3.0162474057389463,19.794444106537735,35.0051162262851,Weekday,8.914103946093494,1.0527040594118298,24.24673111763865
2024-05-31,H1,3,34.38393151970861,7.6037253724650675,9.784241181605964,7.282329994197789,5.870551185270401,33.90759694642091,Weekend,4.018600156271225,4.303395558654132,32.74240176773374
2024-06-01,H1,3,37.54117217314095,12.86135267042049,4.689659285869312,2.3991237126586133,4.779849592540204,59.88493515807938,Weekend,6.016209304931068,3.566908995418512,6.920988559497065
2024-06-02,H4,1,12.62978796537201,?,1.334054848833005,6.412445588355353,8.151893971467095,40.34349802158574,Weekday,8.934296534700419,3.731312653125949,?
2024-06-03,H2,5,13.855402733670038,4.051960429843581,?,6.055107978689635,3.9825182661548797,?,Weekday,4.064102477616093,3.3356651743952055,12.104905689088058
2024-06-04,H2,1,32.06391220948974,9.755879076858992,1.8864742813405644,5.029264471845297,16.960257471138295,84.85664010149748,Weekend,6.389267727628104,3.1538693000347537,36.73497440833826
2024-06-05,H1,2,38.886134408576645,6.760299834503188,5.926571837889204,2.2371220937187433,8.012047935712157,34.158373832280255,Weekday,6.2495171982598645,2.907998017588831,40.84981489463501
2024-06-06,H1,4,27.01394078290334,9.280102063863426,7.696208326056812,7.024981709343657,?,52.06847790679727,Weekend,6.1652039151241365,4.029517455973739,37.55091685597753
2024-06-07,H5,1,38.41645999599314,8.677228769872194,4.192549427846307,?,19.45720866600886,61.792165063878066,Weekday,9.338160856299769,1.1764102160321537,32.14642296152566
2024-06-08,H3,1,35.70772341437713,5.169941145959798,8.602496627318416,3.946217514006917,3.631757570348715,64.31007004486048,Weekend,8.902372943236973,4.92736441118614,34.16669249395401
2024-06-09,H4,1,31.104979478860937,12.101593995652593,4.922348084271546,0.9688303706436319,14.48127302291658,45.15317715864646,Weekend,4.178036118864334,0.40699227597793153,9.387759639036982
2024-06-10,H5,2,15.403493793591753,8.206684525948068,4.815348612847274,1.527006612522511,14.36189467286219,78.31481363667945,Weekday,6.638353753562308,3.68498537354837,41.090853271126925
2024-06-11,H3,3,28.580025730134558,4.69357087236482,2.0168359962253612,2.9232862145425784,8.740178128566566,53.19153150899571,Weekday,7.765935790953721,1.0218166232890191,38.8727406763442
2024-06-12,H1,5,26.74235628792224,10.034335587478896,6.428606425466126,4.284176865563438,3.0776674710132745,50.88989043067419,Weekend,9.466666345105505,3.589155382748282,36.654569771926916
2024-06-13,H4,5,11.875273880838492,10.25300623552848,1.2506644415949686,3.0362009978531086,4.547881691598876,28.286003300737086,?,9.266857443502486,2.467607115697475,20.615750064932577
2024-06-14,H4,3,23.17358373392054,7.082825963166247,7.847258300324751,1.6941605808469502,6.533279566385168,61.704658305049456,Weekend,5.841902389027644,0.5506528423580409,32.18401491354207
2024-06-15,H2,1,35.798936935277084,7.0779644313938075,3.2127403656275177,6.984956009588303,19.31201242137174,58.41002474123064,Weekday,5.050311488695163,0.14682137273288376,29.451885711335677
2024-06-16,H3,2,10.31883816929087,3.5089205521132243,2.685028480280166,7.2184872692224396,19.021677297178417,27.855797636641473,Weekend,6.905093044025337,2.3130929322753695,14.714058415896565
2024-06-17,H5,1,12.554796456071353,10.106101363693654,1.6490947490586028,6.538557561861722,0.40693070731199654,44.55196755468647,Weekday,5.337932326650609,0.04549388593728554,46.958583325994965
2024-06-18,H4,1,22.8624634682754,13.786032233129506,8.91835935489628,5.167500592882395,13.821253414852661,82.83743153388417,Weekday,8.290783037696022,2.855854586428299,9.12511653893802
2024-06-19,H1,3,27.623941881003645,1.7196707838482712,9.67634912507201,3.245156898674197,?,60.358803194048775,Weekend,7.555186772602545,2.965735506866393,26.351089311573773
?,H1,5,35.78655313015494,11.278680148070823,0.8567137305052686,1.9606975265648288,7.3361701502270655,75.44585480434678,Weekday,4.34471929022555,0.48145430794420685,39.217126837101176
2024-06-21,H5,4,28.437782260297688,5.5936476028994395,2.564319169396767,5.458521522421391,10.806154487898702,47.89273461663679,Weekend,5.149424002172906,3.9342446680640264,40.51727646108262
2024-06-22,H3,1,25.972559631095514,13.70680880338972,3.607579070327771,5.655390097599905,?,89.44811669307029,Weekend,6.684914530190592,?,38.61442417567198
2024-06-23,H5,3,35.09346029039822,2.1828942008185894,6.435771978996101,0.5494340521175971,12.908150558167957,24.183700600074726,Weekend,8.662136194941239,3.9992433897123276,?
2024-06-24,H3,2,32.321837595694504,1.7773296696309675,2.779861485187314,3.83452755841655,?,29.195413495283535,Weekend,3.4521070454000755,2.279136428053674,5.950497724052531
2024-06-25,H1,4,19.83601975997056,8.362705348240583,3.340868621360251,4.521252188397963,12.26210762180002,20.62522156037967,Weekday,3.3943043783113493,3.2229486361473993,28.464767100940225
2024-06-26,H4,4,17.340766830005307,14.125129194986306,4.938330455164169,6.250826841292146,16.306219924496986,87.48477496378702,Weekend,3.3690819816181303,1.9496831612754106,6.9948977587295005
2024-06-27,H1,2,29.636379648427223,?,2.6965447293611633,7.589598571120743,1.5779733701455756,86.65970195778478,Weekday,5.412460835505486,4.644091843938339,20.576553912456387
2024-06-28,H1,5,28.263483647286495,4.280982679147643,4.859660751828844,1.9090240748512803,12.569318943483644,68.10319039507186,Weekend,4.576023180923238,1.311763590590274,8.909117679953441
2024-06-29,H5,5,12.042032867220929,12.912798710437242,5.431391271442864,7.667900779811549,12.909454597979469,60.97830299270124,Weekend,4.589318176300354,?,11.768093860968712
2024-06-30,H3,5,21.597958841713222,10.197046072552759,0.05093510101693455,3.000787062396225,4.988130119069021,?,Weekend,6.069149568321337,0.23806838533073305,36.54017958156349
2024-07-01,H2,1,26.091523883391552,10.035916121653015,3.4260231470349387,2.030304284345246,2.9362214703514944,52.839681061139665,Weekday,7.92000189813403,2.0385279003591457,31.8122267323329
2024-07-02,H1,2,36.78702696375301,12.975012274826046,?,1.9015153442335961,17.03268072610167,67.4276814540108,Weekend,6.111190786558199,4.2649313468484245,36.27711987977572
?,H5,?,38.179938411909866,14.03480184051983,1.6111046774000215,3.626185108023515,13.301507929437879,71.68144121956014,Weekday,3.526659508922498,1.3008726815460552,33.330816339775
2024-07-04,H4,2,16.543005504487354,7.133300692948845,2.0108272734907153,0.927299190015332,1.4983167110249318,37.76640567954463,Weekday,?,1.4221510818441108,38.67162454729441
2024-07-05,H1,3,26.8549570018758,1.7379846282844822,?,3.456372834425091,6.7852480707465235,88.63809511644169,Weekend,5.697316257260729,0.8781869974497958,30.47997670184448
2024-07-06,H2,3,14.024605679681663,8.664913408497664,8.615955798728802,0.44786819524183574,17.058961576652305,49.45332714208483,Weekday,6.392700845656794,2.747798754566206,26.182432388397416
?,H3,5,31.26451903192975,3.8296319477235663,8.336760322239678,4.488451803204416,7.0360816926998515,?,Weekend,7.1445330557493385,1.4593754481143928,38.33426345088491
2024-07-08,H5,3,14.596402473263067,12.946336033684693,3.562402049880713,5.340500406905867,4.32261559623774,41.27291855457422,Weekend,8.052332535098119,1.5304117835292947,30.973252058164217
2024-07-09,H5,5,10.076396195868778,11.098802836464351,5.051502383019367,0.9357700170833905,7.484190836185869,39.47995467593203,Weekend,3.830930985999059,2.9878155490400538,?
2024-07-10,H4,1,10.42010668823419,14.034165797367148,?,0.18796445041507592,4.708206775959873,56.29316590283368,Weekday,3.9767272737371284,0.21199658718691172,?
2024-07-11,H4,3,16.528333080967002,7.793010147467523,8.54438480372962,4.244697127683886,10.276775615898972,68.53591774943776,Weekend,5.949284923244929,0.44265399981317954,18.601192893816247
2024-07-12,H4,5,37.14537338072752,13.927549341344566,?,3.0171407406811728,11.054938391682565,50.68980983131474,Weekday,8.253820880466602,4.650506004101032,28.06142053798323
2024-07-13,H4,5,11.898144284899935,13.442100446092129,7.3089525432960025,2.267714032571911,16.722797221011007,35.31123282206157,Weekend,6.442086568639379,2.526824968579136,12.850099336305703
2024-07-14,H3,2,18.768972845334453,2.257242725667816,6.146011664369526,3.135204604000906,5.579772256936881,54.36358948465807,Weekday,8.966715799178015,4.716307852046836,36.2855734204897
2024-07-15,H4,2,14.350786353894463,14.53499620960538,3.9606443753373552,3.1485810172678503,8.618673223250147,89.20148383467242,Weekend,3.1682449573960336,0.5118218172453393,28.74112440366629
2024-07-16,H4,2,29.546353931679047,2.875727914327838,2.696948311762858,4.230742365082568,19.448147481881342,83.16340783469097,Weekend,3.632587159528025,0.3226006328689862,25.277820976592352
2024-07-17,H5,2,14.311200228740265,6.968592461907614,5.588316989236903,0.905705633019438,10.102528114313703,81.01755781526272,Weekend,3.9867932788435994,0.3145801074749738,28.75175064063817
2024-07-18,?,5,19.32902988179131,13.023586038820365,7.224814045797412,1.24720407411471,14.913278827970561,81.49079116140915,Weekend,9.767937215610788,0.6845870464149356,9.473266743987445
2024-07-19,H3,4,38.64344918920931,7.359753454374404,9.771091229045076,1.1894753529214075,1.0773236141760756,54.87531528714042,Weekend,6.926765961619585,0.42701628940803427,28.312594963261215
?,H5,5,37.5251456889701,2.804603401742619,6.909704802013579,2.927993002185511,2.2331400911865473,23.06486964739423,Weekend,5.459414009518977,3.0056602018928134,8.330767277722586
2024-07-21,H5,2,35.456419156548826,5.3230983698431675,3.0931311207406056,3.2295999749004105,16.144511386027588,29.46833120544175,Weekday,8.465458355107316,4.800152821417334,41.81502211402746
2024-07-22,H1,2,25.758153194611296,7.591234018979579,1.7376611852891644,0.8778406750583425,15.82353325345478,57.020933351763155,Weekday,6.43520096245028,4.588509930658582,23.259831734483306
2024-07-23,?,2,12.903220650625078,10.704063104386785,1.2426193551636011,2.5184208272068522,8.891621489992378,83.29614200455728,Weekday,8.09214075403236,1.4414611642930253,10.639922686973332
2024-07-24,H4,?,14.389743279477418,9.949826698114105,9.206832530635582,?,19.134616784076567,40.870723088586786,Weekend,6.661692440058767,4.7114362134488665,32.332922855640014
2024-07-25,H1,5,22.453104325303315,5.138317393379818,9.163515944731028,0.028674015758944904,18.64228391744724,43.888191458133974,Weekend,8.193340121357785,3.221541623825897,26.545896210053833
2024-07-26,H4,4,25.74616515079685,?,9.253789074176744,3.226869555692624,8.708646599916062,47.37818514544637,Weekday,6.598873519781494,1.1849776575241595,39.45307536905433
2024-07-27,H2,3,18.461108771894388,2.834661137633284,0.6275514859805953,3.3873187671906537,1.8844104031842002,62.17598921573313,Weekday,6.076838194754196,2.7033885717501605,42.43479585607424
2024-07-28,H1,4,17.86655261060299,8.20743837773859,1.146766901518912,6.656621827542183,18.028900367615105,36.99482964272923,Weekend,5.302434118309615,1.907054569866729,?
2024-07-29,H3,4,23.7093438771441,9.508326788696724,0.13448113625205926,0.8102742711489785,6.243662387858635,67.55510628445856,?,?,4.114076748014507,25.438426182800757
2024-07-30,H3,3,?,3.8801124551425143,9.377193033056733,0.6212345654373479,4.140801231437592,25.633606935181902,Weekday,9.7000307787951,3.322742894979725,39.94891622293319
2024-07-31,?,4,31.898724831552467,14.895952825629966,9.899638313067868,1.6707486371315934,5.876302252748302,30.56644038592663,?,4.532457834577321,3.7569192236947293,45.643909371141476
2024-08-01,H1,1,10.180225973765067,2.990490085889707,9.819984487179175,6.713835634844347,13.566623858655735,84.65513847086027,Weekday,4.878647999190684,0.4178137547270405,18.401273354491494
2024-08-02,?,3,?,?,5.849954410633702,?,15.167745730752355,44.15066095966105,Weekend,9.999456919872392,2.387801364796822,13.68615105567978
2024-08-03,H2,1,10.93589775950511,10.063136572187853,0.917016579019243,6.7896746198500715,7.786231579739738,74.31490207792959,Weekday,7.701636109080341,0.2947459586456408,9.150088914681891
2024-08-04,H5,2,11.881305486407157,12.183949146222355,3.185503544021154,6.832297709785546,4.182641402212008,36.21646388842093,Weekend,9.170788273884995,1.1770796182059828,18.697555692121895
2024-08-05,H1,1,17.728366808953435,?,1.4617982678851893,0.9143712833947886,8.588805998374816,?,Weekday,3.7669005494565195,3.205717062971995,17.499997715291254
2024-08-06,H5,1,27.75666966183978,11.16654739147354,6.207741354255065,2.984867850456717,7.269385393699961,26.40423459486076,Weekday,3.12762568274762,1.3461810239445904,18.012982508425722
2024-08-07,H5,4,12.646200927523084,8.508711557214536,9.498448084206618,2.170983384918891,18.643229128303613,25.426588283222692,Weekday,4.82586527701978,0.7434346855891055,42.35007999230183
2024-08-08,H2,5,?,10.065734301428218,6.609613294538343,3.9195161335497826,6.529275655984376,75.72321270286997,Weekday,8.447967752163354,3.0856923426828864,20.538242250462822
2024-08-09,H4,1,12.17394669101158,5.517140035629454,5.0022090888427275,2.47813442962559,4.8542270552402815,53.422177360485904,Weekend,4.983447052619038,0.488309989356025,21.990443081017794
2024-08-10,H2,1,19.86343358942563,7.669627413059111,3.448141089771725,7.154854534884267,12.82604988558907,21.528767193933223,Weekend,6.630828672186924,2.9773938258936816,29.435769749523857
2024-08-11,H5,1,34.31709271320353,1.3670803412211525,5.038704495710436,4.214536799334478,?,41.03738035569644,Weekend,9.359858738165727,1.2023115740533608,?
2024-08-12,H2,1,37.99445813566784,6.958000299412682,6.32199509813864,7.849109737054495,5.354738540591438,38.272119685087816,Weekend,8.383493913547982,0.8284446427693032,31.253240769787695
2024-08-13,H3,2,17.409800640837485,14.40971345624104,3.9658500577997255,6.441665583589184,?,77.49105323863517,Weekday,9.248491272759056,4.237307796756758,28.185328542047195
2024-08-14,H2,1,26.636668170865747,12.770682787253474,9.246078988019343,6.773777818765247,14.479690968076117,69.13859834167872,Weekend,4.196038790973336,0.44097511229292174,14.734227393190597
2024-08-15,H1,2,26.8143854115609,14.06197586275973,8.455893369753138,6.344516141769817,?,49.154156708669205,Weekday,7.260573327059493,4.5388723036103436,7.133189074830533
2024-08-16,H1,4,24.317429277075277,5.327762666306675,5.308619600387798,7.290641511301407,8.153472190368912,79.97615364180425,Weekend,?,3.404349056876892,26.026714248690542
2024-08-17,H3,4,23.494945602602773,10.486681861011933,8.405139000325061,4.643948178548194,5.475356411966676,51.057818493323666,Weekday,5.263816969362601,2.32103694067764,13.971008386562612
2024-08-18,H5,5,38.0759049987317,9.526794216599608,0.9762264240914587,5.525911685589255,9.649799600621545,23.88436251552976,Weekend,3.007840811807376,4.420492656385555,9.011826345182124
2024-08-19,H2,1,21.702201268420904,3.8620278182210876,7.418399379807981,5.352897000323895,0.798751012557859,?,Weekend,?,3.200180890929922,26.60995147879927
2024-08-20,H1,2,11.406274142958413,3.320104653321854,1.914255967326376,7.366323698005989,9.53606929680408,21.339986625620465,Weekend,5.585156700452918,3.4774480862297548,28.143351466332213
2024-08-21,H1,1,17.671246845287968,?,4.020842652877334,3.0698754769288303,14.707799744967822,47.78044334971173,Weekday,7.9489211345988,1.536739994154529,23.475494076889877
2024-08-22,H4,4,22.97656989212674,8.522840237470575,2.0559590549504856,1.5494769224267442,11.70279761680616,70.19630269158822,Weekday,4.239024114832123,0.8102987431325315,49.04613675112585
2024-08-23,H2,3,?,5.76004261044165,3.182180134967143,0.6169266232973083,1.0649446089158299,48.94704924086377,Weekend,9.21306144657474,0.5265056466367773,29.994460959974028
2024-08-24,H1,2,26.247149135115208,7.779158072259781,0.6850407381195889,6.052186615310723,1.7878172418014304,82.86777535494045,Weekend,8.958863576681122,4.509151222733106,43.61173693271477
2024-08-25,H5,2,32.819056848005125,13.157185242688913,3.53147657549982,4.512522683586091,14.145814957427337,72.48119658938964,Weekend,6.504143904920583,?,43.31925980454447
2024-08-26,H4,1,37.20375649823684,12.212606986056896,9.658087588274014,7.720204358173405,16.770989793387947,59.502676066682504,Weekend,8.590401127374566,1.8775411593729214,40.58894526428979
2024-08-27,H3,1,33.15013262881287,8.652680350906532,0.04045309096067706,5.129203259850356,1.0444416287421898,75.55826223470075,Weekday,5.631127830320586,3.8924392985996263,12.074738293592636
2024-08-28,H4,2,26.946028407686384,3.5425319522484724,7.017122886176309,3.507731937742949,8.37020843670044,32.356621362088816,Weekend,7.86241322453902,3.877393521032318,11.12212900248865
2024-08-29,H5,2,15.143105543995116,10.811868206453367,3.39000864848317,4.582562202525303,2.8214459872220465,26.52015591710399,Weekend,9.426286937409637,2.024336670180728,8.500091936094151
2024-08-30,H5,4,22.769961063973003,11.965369635812312,3.3017358249566433,4.982787858759021,9.44214566396187,83.51495797235904,Weekend,4.6184914138063995,4.921847144873561,25.74726991805023
2024-08-31,H4,4,32.47592499555559,7.163352907706045,6.44005355862605,3.9470674062295075,6.645992509448549,65.54071641776387,Weekday,5.1395023202091235,4.351385914178855,17.80071294335756
2024-09-01,H1,4,10.988824000737097,12.55899371810395,8.840972566634482,7.988079181004275,16.37537501122136,86.67737982498717,Weekday,6.71403316278443,2.766891274941278,28.584168549834352
2024-09-02,H1,5,24.462928375742777,6.47703942219654,1.4105141170843682,7.4764788505595785,16.121045165452692,47.64904245263049,Weekday,8.393780914080498,1.3850047959641032,6.437415849792627
?,H1,3,25.65177375629152,13.999156404450936,8.938759159838275,4.072182086834793,11.583231036070448,28.285797465660707,Weekend,5.384383354936082,0.8540755915368586,?
2024-09-04,H5,4,26.12539083628106,1.7125173827254445,7.272362031572241,5.717746228733644,14.843739912473922,68.39839860282545,Weekend,4.822012820056158,0.873103240705641,9.125019354076972
2024-09-05,H2,1,14.895296846771517,7.864054577002216,4.399047036503006,2.1561255797079513,17.85402842188765,24.204415871298714,Weekend,6.219941943884407,3.23889158479232,37.937074607650565
?,H5,3,29.142328290117113,13.224416022914898,9.324085514132035,4.412590231914472,16.72738577608946,45.71661773896428,Weekend,9.95390880903004,4.372151857451844,36.1961617010286
2024-09-07,H2,?,17.085981733719994,12.953100924326655,8.14806804263285,5.095189523312983,10.52978892703556,50.868935335357165,Weekend,7.0380615882934485,0.602601584676345,34.8723786540022
2024-09-08,H3,1,14.704305762197805,12.14842174621702,3.672570124332558,4.317903227446422,10.372965635735218,56.75662570607399,Weekday,7.167815885869355,0.16571134405140742,8.470129116027625
2024-09-09,H3,3,21.65849274700627,8.0662666305087,0.9309820686269499,4.582735666705842,14.30034075204474,?,Weekend,?,3.3479341244283622,37.088680223190714
2024-09-10,H5,?,25.079700868199634,12.490456797627779,?,6.574162307530102,8.669551878682594,55.94440597737046,Weekend,5.056012020888625,?,44.76431452896572
2024-09-11,H4,2,?,7.807977797837779,7.651578461352482,7.271182153146053,10.559611310063762,73.427693192405,Weekday,4.173495347384584,4.727848630876531,15.64166721602124
2024-09-12,H5,1,26.70812930526885,12.868067358968787,1.9821914887263514,4.641237607462466,9.127660486896508,70.36191264327134,Weekend,6.043198314188131,2.29870862280979,34.4909302990649
2024-09-13,H5,2,34.31340832580068,11.51206989509437,6.263543955795338,3.854155681080778,17.17461930704228,61.933103734423405,Weekday,4.235826649353595,0.6821452348131452,?
?,H1,5,14.090353520661454,6.987003336397283,3.345871452527489,6.01004887076085,16.83555629217183,86.01687650435959,Weekend,9.150050346886328,4.8567657758503255,26.623061625571612
2024-09-15,H4,4,33.26055873571785,2.754469221984958,8.531219479279615,1.751014734847808,8.36665355070015,26.058053345936532,Weekday,9.638082770881713,4.558993479894327,29.479982762075235
2024-09-16,H3,2,39.467468737700386,7.645158366257384,8.855252527157301,2.646226263165941,8.350565843860666,37.48445724602041,Weekday,5.637302388093697,2.842878260026339,?
2024-09-17,H5,5,38.276348433404934,2.107938579434107,1.8140097478020112,?,0.049369910152510244,41.36411192437545,Weekend,4.201034072558177,1.3653080157935327,16.673840244408325
2024-09-18,H4,1,20.17692003338542,13.434180184222999,4.778095758177852,5.063106346769406,0.4053544919999763,85.97086774422769,Weekend,6.864567137177934,1.3642251888623003,41.43502464992708
2024-09-19,H5,1,30.792612395028197,1.7414023392341365,2.0887855828042055,0.12910771023549028,3.4896552047934426,63.32159652459285,Weekday,?,0.49721249327912,29.271296291637327
2024-09-20,?,1,29.864859359511875,12.746644607151703,0.5299366137734163,7.981026045674727,15.755955853202671,61.65700464685813,Weekend,4.970451738629007,0.7777258496321537,10.351975116230964
2024-09-21,H4,3,34.83932843697378,6.13117102822826,5.563995130790724,4.406413418292969,1.0085452709478204,32.994769125776195,Weekend,7.066761737170282,0.5613543432020895,43.206738538729084
2024-09-22,H1,1,35.39489116769886,13.912439288637962,1.6416909415169478,1.3781323713242362,18.87926872478443,22.18797304334704,Weekend,3.183677625298711,3.5638795686278213,34.131847229589816
2024-09-23,H3,5,26.651369884684435,12.350711560023269,1.6469209851209132,1.3208517839132572,10.672829428134971,36.07113472143428,Weekend,5.548502328308709,3.537289025834644,6.543917133646019
2024-09-24,H2,2,30.19738713502269,13.310998186548279,3.785458145923527,1.8281673797022284,2.6710756008331527,67.80941471451003,Weekend,6.238627707191458,4.070511652696926,25.800947915672616
2024-09-25,H4,5,24.957479746717688,3.102573504406541,9.419779626270426,1.2519665946053333,1.3409675511831032,54.32996949834994,?,7.260496703155067,0.6673354238457013,18.994186882976607
2024-09-26,H3,1,10.23933667215681,13.022662936800941,4.057317058886552,7.000472794298966,8.15978369053457,58.10588325788277,Weekend,3.398058781976051,1.767037465936807,31.299906832152903
2024-09-27,H1,3,31.361965874496093,12.187795008147589,4.201127906128145,4.147012108937525,19.2536854869159,67.70829309002929,Weekend,?,2.798623183309563,37.59758943548363
2024-09-28,H2,4,25.254287786099404,9.561561419798524,8.285913436206828,2.578858602470749,5.564744000073329,89.61347794946263,Weekend,8.775065322379573,4.518137755963982,22.424638084195337
2024-09-29,H5,3,15.716182781677903,12.856696764106001,0.75623385274874,1.98342542649148,13.99928875847631,43.99555538869382,Weekday,8.807999895042407,2.280084773448845,20.434469982272233
2024-09-30,H2,?,?,12.342536720722286,3.1405539870823853,4.1684685509762796,12.649231484841724,36.71045343701266,Weekend,4.11650038882714,4.0152348748422115,21.236282061462838
2024-10-01,H4,4,34.41202736649081,2.578892432481326,0.33658676471815974,5.225505067059624,17.84123060482373,53.53699358999951,Weekend,9.616087203547504,0.2749965590928444,15.458963417804515
2024-10-02,H4,2,31.636739997137628,6.755172440292535,4.821084560389432,7.13034000568394,1.4054758894419939,87.8138090037115,Weekday,8.057169512585983,4.619031847992644,19.32770523291568
2024-10-03,H2,2,?,13.373129291294992,3.988429622686913,6.142037621102994,11.17698950737125,84.43586396205512,?,6.8921700917946245,4.026907284942314,42.7185880973945
2024-10-04,H3,3,10.320346724966043,14.393569714451298,6.801783350496288,2.951421228073814,13.504383867179452,31.258192544681577,Weekday,?,2.1996184471267615,38.232479291384855
2024-10-05,H1,1,39.48388083613645,7.638346029779894,1.7482177591437498,?,19.42195574837842,79.25138988985033,Weekend,3.292095061131474,2.961829888956154,36.8516659302763
2024-10-06,?,5,28.249288718048998,4.750764771348377,4.720513125225013,3.4202305884766178,13.75021228007741,50.314115132295356,Weekday,5.346248569935902,1.492962963805039,27.51455821434954
2024-10-07,H5,5,10.03546196633388,12.721483536209007,8.904565431759796,0.13037411090088824,1.0734968843682369,?,Weekend,8.275344241175667,0.6685722797719423,18.313196963240003
2024-10-08,H1,3,24.130135619445184,14.265999362538043,8.114675960263837,1.7665490496575256,19.946929868173626,62.63497954851074,Weekday,9.451100789821513,0.07100918478531115,39.55788194798083
2024-10-09,H3,3,26.169561050607733,3.6928895080711817,6.727218003952582,4.091697731224448,17.76084412268728,37.165701997001385,Weekday,6.648140449402545,3.766067727964167,44.92889313745563
2024-10-10,H5,5,26.83978761777263,2.472644421921044,5.128956393132452,6.306482496589315,7.345048563094226,57.96972312843318,Weekend,3.0476626274760528,2.42163308138075,49.38837962908844
2024-10-11,H4,1,?,2.3477544326579753,9.59982932264004,1.4801839866374182,8.488273156556952,81.33629014851495,Weekday,8.052402977405926,2.6858175650658325,?
2024-10-12,H5,1,29.527017757133336,7.116542048194179,5.163631615867014,4.366625030919989,3.8742693610920997,55.6461521720605,Weekend,9.460758795439666,2.6874426227284913,28.3692575223645
?,H4,4,11.906078722321215,2.5394500257128074,6.42789830804947,6.385560365449282,4.366710433833134,59.508944598114674,Weekday,8.87538247791753,3.6573935221930403,37.27680679110934
2024-10-14,H1,5,19.150785375637046,8.997829332052989,5.520434915243641,2.6088075211492896,10.761183864083769,74.92759446289797,Weekday,4.928617482021217,2.5672315285205594,27.446243175247428
2024-10-15,H5,5,24.751531685745835,5.556500968843666,1.111414126733623,1.4133482648289935,11.29932328643487,65.00260549209332,Weekend,3.0739854668513265,0.1620565999481327,25.276581596162753
2024-10-16,H3,4,22.346412373640575,2.4574017133659565,8.501881059247731,4.351647178428708,11.468707433718809,67.2667988152974,Weekend,5.977597558160282,2.18217879621416,13.565455012401014
2024-10-17,H3,2,19.535957365797454,9.913473995862908,2.6448979200104272,5.740401427826867,?,?,Weekday,7.738797663805573,1.3973974904016995,28.120629280622865
2024-10-18,H5,1,24.648469684573975,10.478822987494665,9.52746724561472,2.0171841899835643,13.357723154653762,82.43068488848778,Weekday,?,4.8529886842553225,9.566585894617244
2024-10-19,H2,4,11.881467264814944,9.25995354830144,1.523265421859057,5.643104501508563,7.63220318296796,45.311695078810196,Weekend,8.851015889961124,1.867824587971434,22.714660759304937
2024-10-20,H3,?,13.398898437506453,6.64231723249403,6.770179476123243,2.3618980526101767,19.538690877565177,72.58250591184407,Weekday,9.853475688861055,0.47155789990500685,27.375679039926922
2024-10-21,H2,3,?,14.541701309181239,3.3608658826341387,2.4938953415613607,4.995054494597619,49.853679218740226,Weekday,9.077234397214173,1.1063089599285463,24.954325690814187
2024-10-22,?,4,32.55657138843287,3.820081857137208,6.300674476803632,5.201302149686213,?,?,Weekend,5.297145897244736,0.2828403726547596,34.388824778790216
2024-10-23,H2,4,13.0421958022573,8.069840250304415,2.3335669641119505,3.3205247643543565,6.610096125494249,75.93215315830356,Weekend,6.575894799652497,4.242256656467409,?
2024-10-24,H1,2,27.548132549522645,4.869922642603356,0.06128218731635271,6.5884917534244485,4.29196601913068,26.120859063174823,Weekend,5.550288749013349,0.8171494533452622,10.1553345282675
2024-10-25,H5,1,37.22600362106201,12.59605832734849,7.533236062426937,2.7175075065193663,19.424283184716074,87.65656311100985,Weekend,5.767987490517548,0.01720917162890412,43.108307265051955
2024-10-26,H5,5,29.29882401102111,4.409533412513795,9.233699757948573,0.2027097071289461,5.044592212266461,77.77062350735491,Weekend,8.439283530310277,3.1494187829174765,24.994812042165584
2024-10-27,H3,1,29.93628264297232,1.6659738445986008,9.718457815512147,4.651238767948028,19.508250002020418,?,Weekday,6.8198256268054696,4.355159668611307,5.100964891745044
2024-10-28,H3,2,16.750111729306617,2.975616395553212,5.9755700782696355,5.284418193546527,9.589372817211121,72.93882804095986,Weekday,5.201248442191703,2.777949378958927,25.697251468550917
2024-10-29,H4,2,12.443425441961121,2.15078028430319,6.902907267289827,5.131638159742398,0.5328572404454834,56.410772586517936,Weekend,9.329303783810206,4.605651319257102,44.091676400602914
2024-10-30,H2,4,12.729639229519872,5.69771872487404,8.744981473392926,0.03709887684001689,8.466149725069869,67.5678757256758,Weekday,5.833403890744056,3.498102812179039,11.382330713438147
2024-10-31,H5,5,10.115314591006522,6.899689978719304,7.437664170342709,4.792062092826006,14.829540661697667,78.80513387078562,Weekend,?,0.19175142908761156,35.27573237634353
2024-11-01,H1,5,38.72283049085273,10.874264497671394,1.6607162984701396,3.46914058195361,3.5172328793593532,?,Weekend,7.067373119958082,3.1362648981692076,38.540896674507536
2024-11-02,H1,3,11.943772240422923,2.811382399673172,7.419362826923982,0.35461005991749506,6.83918258524808,47.800257610870986,Weekend,9.968583710131924,2.5884656045686434,31.842732004606802
2024-11-03,H4,3,32.94799137590101,11.932932315797,4.0605318439125435,?,16.875792350953752,62.80616907478937,Weekday,6.093942062394425,2.7295565185633857,44.90575906140232
2024-11-04,?,3,26.372644944266106,4.6618305637461495,7.288763401237538,?,13.31295112723151,30.14767104008107,Weekend,?,4.051886578279956,36.02737111518329
2024-11-05,H5,3,?,2.714010131209373,8.680400691350842,?,10.354300452222418,52.80031731155003,Weekday,4.2238551433804545,3.501048032155562,37.412272723911975
2024-11-06,H2,4,12.626443574778442,14.720594353538525,5.410805495657901,5.107576925712689,12.142073743028925,24.691917656030093,Weekday,6.661844575390223,4.701843402408571,26.716338512450136
2024-11-07,H4,5,10.390434716043583,7.988842510348867,7.981502792640786,6.605573694777737,15.517000111255319,45.13829508234849,Weekend,7.213579364617452,2.4344945319447726,28.619667897612228
2024-11-08,H2,2,11.946159503431252,4.138961954850282,4.667158870504085,?,19.13062885150894,36.803170316414096,Weekend,?,2.728214289001291,12.608890463007977
2024-11-09,?,4,10.279571883503355,4.952381945746923,9.489387915246331,5.1611622056094655,18.121798425678495,32.71681496462159,Weekend,5.9721051168225125,0.1625415750965914,41.15407161875486
2024-11-10,H3,2,?,14.747886459662386,6.889433668377425,7.510034807338843,3.245401886718604,81.78635311253964,Weekday,4.97649275658943,2.8616223394786173,37.109505666299036
2024-11-11,H5,2,14.4651894576376,11.952750317009778,7.2870771712969375,6.57129446597107,19.48255064289986,41.925015682087434,Weekend,3.966474863673556,4.44748956988138,41.20243702592771
2024-11-12,H1,5,27.99076631206647,1.0925031867782282,4.1495953239426875,1.2318356737692708,17.018882587086903,35.83543301248611,Weekday,9.646467551799233,0.012908308311270766,11.396979048878949
2024-11-13,H4,2,22.35498771765338,1.1298260568792455,1.9227837053667796,0.8952042663780935,13.335806564362109,85.6970388204146,Weekday,5.254101430405314,0.3078276599874802,16.354704878716305
?,H1,4,32.13544058227765,8.203196863574448,6.678376966090046,4.249921920556524,13.872613954262247,27.880650867332413,Weekend,3.1670195080936407,2.4907122760716716,38.95018837687416
2024-11-15,H5,1,29.096208710842042,?,4.778843993207752,6.1586979766925785,19.932182992472075,79.90733478666981,Weekday,3.9249632490012116,2.8602720980614733,20.99573133933439
2024-11-16,H3,5,37.62841646875391,3.7954520735616186,8.751381457406422,6.162975070728321,3.7121299337592872,85.00955256474793,Weekday,3.989297744229997,1.5756751200753234,46.74094884499926
2024-11-17,H4,1,30.225156923000405,7.300361593605423,8.395413208814803,1.3088496630870932,1.2056076462902632,58.92523150863189,Weekday,4.767148057906098,4.4069753587282054,9.227958326753498
2024-11-18,H2,5,16.852532233041227,2.625067037751502,5.823969084475532,6.728194841806562,12.750264361845813,34.165397819618164,Weekend,6.183881447443822,2.505138777552802,42.15705051198146
2024-11-19,H2,2,23.085749874491817,3.482278926059372,0.7346945202038391,5.023437054336579,18.943283502014815,31.182626088363357,Weekday,9.685018385064744,4.137498410491325,42.830869625265905
2024-11-20,H5,3,25.331373522475566,10.376309889688365,6.515407015417346,6.8321256007855755,17.65959679048281,46.88537700279173,Weekend,6.484257208629046,2.904737983110415,27.232475802550766
2024-11-21,H5,1,39.15160073729308,10.65167936881846,6.40004676417812,6.841800145249724,5.081982354677077,88.27804931518598,Weekend,3.497706789593174,0.008236040935540312,34.4394788003318
2024-11-22,H1,3,10.076775228174085,4.395165453854814,7.176513701581623,7.6904507513085525,19.05297367626663,55.20925869948708,Weekday,4.6790617924793745,0.014776266041860442,17.593164451343288
2024-11-23,H3,5,11.945175836167456,5.789772784154563,3.841703904167748,1.2334585359017556,0.3776244339470458,61.40150547198209,Weekday,6.21486960572538,2.88104363876251,37.54433034051549
2024-11-24,H2,5,35.39537735172785,12.333891398735155,6.188450169122158,0.3756305433350713,16.27389218976535,55.62317897274676,Weekend,8.571912975346933,3.692267656414484,45.096988979526834
2024-11-25,H4,?,38.36437420361399,12.292281184986026,3.7546061646257933,4.162974193125028,3.619277413433095,39.10027078220137,Weekday,4.976097748441843,2.3256084621057616,18.685527307620006
2024-11-26,H1,?,32.980092506864594,8.713709599858902,8.195923440978904,5.557475939645311,2.016295914933781,65.87371462973903,Weekend,5.819315310069513,3.126918610778559,48.11003261013141
2024-11-27,H2,?,29.534785307443975,5.070333259757907,3.4981319716937156,0.20960045362033508,3.650396421295672,56.11465972627966,Weekday,4.056119676123162,2.3807455410237606,30.855170798232848
2024-11-28,H1,5,34.45264605533534,14.739463794524923,4.477727613006998,3.3106676259126715,12.09411638179551,63.442306519441686,Weekday,4.894145417644469,0.6643558223281387,6.168925253290558
2024-11-29,H3,2,10.068904872343353,6.923315619634225,5.523132550453368,0.5107550888001269,?,36.280982064580854,Weekend,8.037745824805814,1.1580269639327723,24.301300368484757
2024-11-30,H3,4,17.586159623628674,10.800850909608904,3.4194876378578454,6.625741455661431,3.4555194198072448,61.420359628070656,Weekday,3.916358741762581,4.887396931968945,12.137916707461244
2024-12-01,H5,1,19.908058415559754,13.151828484828922,7.696990259623677,4.165492518944201,16.612431096416522,44.159965451143556,Weekend,6.4436378216599435,4.991951963935205,21.962311982110798
2024-12-02,H4,3,13.01955242639092,14.611752048158142,5.713885485519757,7.474627005844645,6.672684281801027,29.012286049420624,Weekend,8.944147261806105,?,23.723241865138178
2024-12-03,H3,2,29.35388269688999,3.7917585920498444,2.662493042082671,0.989143696278818,12.164869649069978,41.15213911059586,Weekend,8.246958562782101,0.16864826847659942,?
2024-12-04,H3,2,34.75931734780838,2.5439990742056615,9.464068496150771,5.414305161483738,17.21717566961865,72.30089481640815,Weekday,8.743492092857608,4.902536049134455,44.94860729705366
2024-12-05,H3,2,20.657342175573575,7.81976235970656,0.07940001046226941,2.016864289565852,4.5908125411837,28.068930149465025,Weekday,6.027752597328703,2.028799328364248,14.382232781039102
2024-12-06,H1,3,16.49284180138478,8.868698962858186,6.206153741459367,3.608720006406185,16.29322760665235,29.787050472056386,?,9.896759768586614,1.994242562563705,22.967212527525188
2024-12-07,H3,5,24.264893128395116,1.0082473623753794,2.855852689346423,5.926270243330494,14.255011167162817,43.36922107468147,Weekday,5.6407350335736375,0.21848772542832462,25.130533646645983
2024-12-08,H1,1,16.70629325899133,8.911751168846093,0.38130272577954094,3.041206632672419,7.454362497534957,34.92217492629351,Weekend,9.043794918183615,1.3823810671071461,38.29524949942897
2024-12-09,H5,3,21.02087774188815,2.872825388686508,6.512616283059255,5.284344665729328,18.415601007255006,75.94746525565998,Weekend,5.901136971471396,2.5288520781713606,32.79605586833414
?,H2,?,32.16997209389983,5.058418642086947,8.335137605850624,4.7330996756890675,14.720837838579472,46.94584421447436,Weekend,9.35416846587388,?,41.811254271058026
2024-12-11,H1,5,23.822273699990006,?,6.522191230523434,2.3193460256850464,6.48519722390736,73.79204670109816,?,9.167667726699875,1.060525673804209,46.293658683627775
2024-12-12,H3,3,12.138988258767052,13.424902897307854,8.961624257708143,4.914797562130088,0.9796358014388828,63.29531723615031,Weekend,4.86940151441348,4.458478573247373,12.95985660792713
?,?,4,20.054454829293228,14.203276940021883,3.0018331777259344,4.19547292786375,10.472508915363687,54.42901564549372,Weekday,8.533867505782727,0.39874411300791834,15.983342247571633
2024-12-14,H1,3,28.301952604800007,1.8139235469156365,0.9233571089167891,0.5853950954722285,16.94682766174664,25.695992821689504,Weekend,?,0.4925837035873887,46.484076566242805
2024-12-15,H5,1,31.072689189229628,9.399818438653284,5.411148408651455,7.093098472624755,17.862529082219496,88.72140402864568,Weekday,9.218322844647716,3.562344009075444,14.202947885300928
2024-12-16,H4,5,36.09421269798819,1.9895928248000248,8.375290233671524,6.8852659767805555,?,37.03194120765739,Weekend,5.125666376564746,4.021361027270504,36.50868064130486
2024-12-17,H4,3,10.16532471825749,5.969085155573785,6.37461562412164,6.60202362202335,13.144527991621795,88.67110631105308,Weekend,8.889575998781453,0.0565605133849284,12.358483353818453
2024-12-18,H4,4,18.961205796602073,11.114274693699606,1.395827549059907,1.2537780862882935,13.097152565853104,21.700461842485684,Weekend,4.990273540946794,2.3008632128247726,5.594781221797792
2024-12-19,H1,2,32.474278826594976,2.0713816344168388,3.2361721565441295,7.873357820681719,3.448917584629505,33.87499755729341,?,6.391956910842231,4.050824719921067,21.14098798834967
2024-12-20,H4,1,35.89948177913281,7.017426228993921,7.84836241961356,5.570422257456774,18.039698373893064,87.61303525699869,Weekday,3.500553787773852,0.5386603588360561,46.32118305600947
2024-12-21,H2,1,36.90098806272908,6.307622081958831,9.969103324831647,4.485178482778221,17.494855973724533,68.96546600141436,Weekday,3.9186769718707,0.4850310785534423,12.073851418730648
2024-12-22,H3,3,21.975818835983315,6.8230170730528545,9.934701620539832,1.463358227437106,14.668120984168189,36.77101935832377,Weekday,?,3.063967110360106,30.579847497790425
2024-12-23,H1,3,23.147362239494857,9.667623470948588,9.324610908819048,7.504680824199215,14.442217960593492,39.89062638991311,Weekend,8.177760196680003,0.7613209027635809,48.601851514889454
2024-12-24,H2,3,21.610702151667233,9.999630054624209,9.475632363105419,5.773368076825192,5.54084051414751,72.1666662613479,Weekend,5.977293409015839,?,27.80183847744682
?,H5,1,16.752456428045267,6.05318595662205,4.463822419204976,1.677073573993976,8.153216306342623,38.236310259760586,Weekend,8.714320072639516,0.11712234456508042,49.788963148778734
